<?xml version="1.0" encoding="UTF-8"?>
<!--
 This is a WordPress eXtended RSS file generated by WordPress as an export of your site.
 It contains information about your site's posts, pages, comments, categories, and other content.
 You may use this file to transfer that content from one site to another.
 This file is not intended to serve as a complete backup of your site.

 To import this information into a WordPress site follow these steps:
 1. Log in to that site as an administrator.
 2. Go to Tools: Import in the WordPress admin panel.
 3. Install the "WordPress" importer from the list.
 4. Activate & Run Importer.
 5. Upload this file using the form provided on that page.
 6. You will first be asked to map the authors in this export file to users
    on the site. For each author, you may choose to map to an
    existing user on the site or to create a new user.
 7. WordPress will then import each of the posts, pages, comments, categories, etc.
    contained in this file into your site.
-->
<!-- generator="WordPress.com" created="2021-09-27 19:36"-->
<rss version="2.0" xmlns:excerpt="http://wordpress.org/export/1.2/excerpt/" xmlns:content="http://purl.org/rss/1.0/modules/content/" xmlns:wfw="http://wellformedweb.org/CommentAPI/" xmlns:dc="http://purl.org/dc/elements/1.1/" xmlns:wp="http://wordpress.org/export/1.2/">
  <channel>
<title>Wildfire Watchers</title>
<link>https://wildfirewatcher.wordpress.com</link>
<description>Bringing you the latest updates on California's climate!</description>
<pubDate>Mon, 27 Sep 2021 19:36:15 +0000</pubDate>
<language>en</language>
<wp:wxr_version>1.2</wp:wxr_version>
<wp:base_site_url>http://wordpress.com/</wp:base_site_url>
<wp:base_blog_url>https://wildfirewatcher.wordpress.com</wp:base_blog_url>
<wp:author>
  <wp:author_id>211694487</wp:author_id>
  <wp:author_login>mazelclarisse28</wp:author_login>
  <wp:author_email>mazelclarisse28@gmail.com</wp:author_email>
  <wp:author_display_name><![CDATA[Mazel Fernandez]]></wp:author_display_name>
  <wp:author_first_name><![CDATA[Mazel]]></wp:author_first_name>
  <wp:author_last_name><![CDATA[Fernandez]]></wp:author_last_name>
</wp:author>
<wp:author>
  <wp:author_id>211694054</wp:author_id>
  <wp:author_login>rayanhyder321</wp:author_login>
  <wp:author_email>rayanhyder321@gmail.com</wp:author_email>
  <wp:author_display_name><![CDATA[Rayan Hyder]]></wp:author_display_name>
  <wp:author_first_name><![CDATA[Rayan]]></wp:author_first_name>
  <wp:author_last_name><![CDATA[Hyder]]></wp:author_last_name>
</wp:author>
<wp:author>
  <wp:author_id>211694634</wp:author_id>
  <wp:author_login>vicsrajj</wp:author_login>
  <wp:author_email>vicsrajj@gmail.com</wp:author_email>
  <wp:author_display_name><![CDATA[Victor Raj]]></wp:author_display_name>
  <wp:author_first_name><![CDATA[Victor]]></wp:author_first_name>
  <wp:author_last_name><![CDATA[Raj]]></wp:author_last_name>
</wp:author>
<wp:author>
  <wp:author_id>211694903</wp:author_id>
  <wp:author_login>serranojennifer</wp:author_login>
  <wp:author_email>serranojennifer09@gmail.com</wp:author_email>
  <wp:author_display_name><![CDATA[serranojennifer]]></wp:author_display_name>
  <wp:author_first_name><![CDATA[]]></wp:author_first_name>
  <wp:author_last_name><![CDATA[]]></wp:author_last_name>
</wp:author>
<wp:author>
  <wp:author_id>211694905</wp:author_id>
  <wp:author_login>simonyang1205</wp:author_login>
  <wp:author_email>shape1996@gmail.com</wp:author_email>
  <wp:author_display_name><![CDATA[simonyang1205]]></wp:author_display_name>
  <wp:author_first_name><![CDATA[]]></wp:author_first_name>
  <wp:author_last_name><![CDATA[]]></wp:author_last_name>
</wp:author>
<wp:category>
  <wp:term_id>1</wp:term_id>
  <wp:category_nicename>uncategorized</wp:category_nicename>
  <wp:category_parent/>
</wp:category>
<wp:term>
  <wp:term_id>1359</wp:term_id>
  <wp:term_taxonomy>nav_menu</wp:term_taxonomy>
  <wp:term_slug>primary</wp:term_slug>
</wp:term>
<generator>http://wordpress.com/</generator>

<image>
	<url>https://wildfirewatcher.files.wordpress.com/2021/09/cropped-logo-seniordesign-resizedsmall.png?w=32</url>
	<title>Wildfire Watchers</title>
	<link>https://wildfirewatcher.wordpress.com</link>
	<width>32</width>
	<height>32</height>
</image> 
<item>
  <title>Home</title>
  <link>https://wildfirewatcher.wordpress.com/</link>
  <pubDate>Mon, 20 Sep 2021 18:25:39 +0000</pubDate>
  <dc:creator>mazelclarisse28</dc:creator>
  <guid isPermaLink="false">https://wildfirewatcher.wordpress.com/?page_id=5</guid>
  <description/>
  <content:encoded><![CDATA[<!-- wp:cover {"url":"https://wildfirewatcher.files.wordpress.com/2021/09/qi-bin-w4hbafegiac-unsplash.jpg","id":28,"dimRatio":10,"overlayColor":"secondary","align":"full","className":"is-style-bottom-wave"} -->
<div class="wp-block-cover alignfull has-background-dim-10 has-secondary-background-color has-background-dim is-style-bottom-wave"><img class="wp-block-cover__image-background wp-image-28" alt="" src="https://wildfirewatcher.files.wordpress.com/2021/09/qi-bin-w4hbafegiac-unsplash.jpg" data-object-fit="cover" /><div class="wp-block-cover__inner-container"><!-- wp:heading {"textAlign":"center","level":1,"className":"margin-bottom-half"} -->
<h1 class="has-text-align-center margin-bottom-half">Welcome to Wildfire Watcher</h1>
<!-- /wp:heading -->

<!-- wp:paragraph {"align":"center","style":{"color":{"text":"#ffffff"}},"className":"margin-top-half"} -->
<p class="has-text-align-center margin-top-half has-text-color" style="color:#ffffff;">Sponsored by NASA and LA City, our team has provided you with the latest updates and information about climate changes happening in California</p>
<!-- /wp:paragraph -->

<!-- wp:buttons {"contentJustification":"center"} -->
<div class="wp-block-buttons is-content-justification-center"><!-- wp:button {"style":{"border":{"radius":"2px"}}} -->
<div class="wp-block-button"><a class="wp-block-button__link" href="https://wildfirewatcher.wordpress.com/2021/09/20/example-post-3/" title="learn.wordpress.com" style="border-radius:2px;">Our Mission</a></div>
<!-- /wp:button --></div>
<!-- /wp:buttons --></div></div>
<!-- /wp:cover -->

<!-- wp:spacer {"height":64} -->
<div style="height:64px;" aria-hidden="true" class="wp-block-spacer"></div>
<!-- /wp:spacer -->

<!-- wp:image {"align":"full","id":59,"sizeSlug":"large","linkDestination":"none","className":"is-style-default"} -->
<figure class="wp-block-image alignfull size-large is-style-default"><img src="https://wildfirewatcher.files.wordpress.com/2021/09/map-placeholder.png?w=1024" alt="" class="wp-image-59" /><figcaption><strong><em>Map Overview</em></strong></figcaption></figure>
<!-- /wp:image -->

<!-- wp:quote {"align":"center"} -->
<blockquote class="wp-block-quote has-text-align-center"><p><a class="twitter-timeline" href="https://twitter.com/cal_fire"></a></p><cite><strong>Stay tuned or subscribe for the latest intel on wildfire &amp; drought.</strong></cite></blockquote>
<!-- /wp:quote -->

<!-- wp:group {"align":"full","backgroundColor":"foreground-dark"} -->
<div class="wp-block-group alignfull has-foreground-dark-background-color has-background"><!-- wp:columns -->
<div class="wp-block-columns"><!-- wp:column {"width":"45%"} -->
<div class="wp-block-column" style="flex-basis:45%;"><!-- wp:paragraph {"align":"left","style":{"typography":{"fontSize":20,"lineHeight":"1.3"}}} -->
<p class="has-text-align-left" style="font-size:20px;line-height:1.3;">Get new CA climate updates sent directly to your inbox!</p>
<!-- /wp:paragraph --></div>
<!-- /wp:column -->

<!-- wp:column {"width":"55%"} -->
<div class="wp-block-column" style="flex-basis:55%;"><!-- wp:jetpack/subscriptions {"buttonBackgroundColor":"primary","textColor":"background","fontSize":"16px","customFontSize":"16px","borderRadius":2,"borderWeight":1,"padding":16} -->
<div class="wp-block-jetpack-subscriptions wp-block-jetpack-subscriptions__supports-newline">[jetpack_subscription_form show_subscribers_total="false" button_on_newline="false" custom_font_size="16px" custom_border_radius="2" custom_border_weight="1" custom_padding="16" custom_spacing="10" submit_button_classes="has-16-px-font-size has-text-color has-background-color has-background has-primary-background-color" email_field_classes="has-16-px-font-size" show_only_email_and_button="true"]</div>
<!-- /wp:jetpack/subscriptions --></div>
<!-- /wp:column --></div>
<!-- /wp:columns --></div>
<!-- /wp:group -->]]></content:encoded>
  <excerpt:encoded><![CDATA[]]></excerpt:encoded>
  <wp:post_id>5</wp:post_id>
  <wp:post_date>2021-09-20 18:25:39</wp:post_date>
  <wp:post_date_gmt>2021-09-20 18:25:39</wp:post_date_gmt>
  <wp:post_modified>2021-09-24 00:51:44</wp:post_modified>
  <wp:post_modified_gmt>2021-09-24 07:51:44</wp:post_modified_gmt>
  <wp:comment_status>closed</wp:comment_status>
  <wp:ping_status>closed</wp:ping_status>
  <wp:post_name>home</wp:post_name>
  <wp:status>publish</wp:status>
  <wp:post_parent>0</wp:post_parent>
  <wp:menu_order>1</wp:menu_order>
  <wp:post_type>page</wp:post_type>
  <wp:post_password/>
  <wp:is_sticky>0</wp:is_sticky>
  <wp:postmeta>
    <wp:meta_key>sharing_disabled</wp:meta_key>
    <wp:meta_value><![CDATA[a:1:{i:0;N;}]]></wp:meta_value>
  </wp:postmeta>
  <wp:postmeta>
    <wp:meta_key>switch_like_status</wp:meta_key>
    <wp:meta_value><![CDATA[a:1:{i:0;N;}]]></wp:meta_value>
  </wp:postmeta>
  <wp:postmeta>
    <wp:meta_key>_starter_page_template</wp:meta_key>
    <wp:meta_value><![CDATA[]]></wp:meta_value>
  </wp:postmeta>
  <wp:postmeta>
    <wp:meta_key>_publicize_pending</wp:meta_key>
    <wp:meta_value><![CDATA[1]]></wp:meta_value>
  </wp:postmeta>
  <wp:postmeta>
    <wp:meta_key>_last_editor_used_jetpack</wp:meta_key>
    <wp:meta_value><![CDATA[block-editor]]></wp:meta_value>
  </wp:postmeta>
  <wp:postmeta>
    <wp:meta_key>_oembed_b2d23baf4c6ccb861e323c44ff8bc386</wp:meta_key>
    <wp:meta_value><![CDATA[{{unknown}}]]></wp:meta_value>
  </wp:postmeta>
  <wp:postmeta>
    <wp:meta_key>_oembed_79d7ec5f63508e569a1e43a6dd714e9c</wp:meta_key>
    <wp:meta_value><![CDATA[{{unknown}}]]></wp:meta_value>
  </wp:postmeta>
</item>
<item>
  <title>News</title>
  <link>https://wildfirewatcher.wordpress.com/blog/</link>
  <pubDate>Mon, 20 Sep 2021 18:25:38 +0000</pubDate>
  <dc:creator>mazelclarisse28</dc:creator>
  <guid isPermaLink="false">https://wildfirewatcher.wordpress.com/?page_id=6</guid>
  <description/>
  <content:encoded><![CDATA[<!-- wp:cover {"url":"https://iamtakashinuxtest20200131105336.files.wordpress.com/2020/01/qi-bin-w4hbafegiac-unsplash.jpg","id":26,"dimRatio":10,"overlayColor":"secondary","focalPoint":{"x":"0.51","y":"0.58"},"align":"full","className":"is-style-top-wave"} -->
<div class="wp-block-cover alignfull has-background-dim-10 has-secondary-background-color has-background-dim is-style-top-wave"><img class="wp-block-cover__image-background wp-image-26" alt="" src="https://iamtakashinuxtest20200131105336.files.wordpress.com/2020/01/qi-bin-w4hbafegiac-unsplash.jpg" style="object-position:51% 58%;" data-object-fit="cover" data-object-position="51% 58%" /><div class="wp-block-cover__inner-container"><!-- wp:paragraph {"align":"center","placeholder":"Write title…","fontSize":"large"} -->
<p class="has-text-align-center has-large-font-size"><strong>Headlines</strong></p>
<!-- /wp:paragraph -->

<!-- wp:paragraph {"align":"center"} -->
<p class="has-text-align-center">              We bring world wide news regarding wildfire to the hands of all viewers.</p>
<!-- /wp:paragraph --></div></div>
<!-- /wp:cover -->

<!-- wp:image {"id":87,"width":772,"height":638,"sizeSlug":"large","linkDestination":"none","className":"is-style-default"} -->
<figure class="wp-block-image size-large is-resized is-style-default"><img src="https://wildfirewatcher.files.wordpress.com/2021/09/image-3.png?w=799" alt="" class="wp-image-87" width="772" height="638" /></figure>
<!-- /wp:image -->

<!-- wp:separator {"className":"is-style-wide"} -->
<hr class="wp-block-separator is-style-wide" />
<!-- /wp:separator -->

<!-- wp:image {"id":90,"sizeSlug":"large","linkDestination":"none"} -->
<figure class="wp-block-image size-large"><img src="https://wildfirewatcher.files.wordpress.com/2021/09/image-5.png?w=783" alt="" class="wp-image-90" /></figure>
<!-- /wp:image -->

<!-- wp:buttons -->
<div class="wp-block-buttons"><!-- wp:button {"style":{"border":{"radius":"35px"}},"className":"is-style-outline"} -->
<div class="wp-block-button is-style-outline" id="Wildfire"><a class="wp-block-button__link" href="https://www.sacbee.com/news/california/fires/" style="border-radius:35px;" target="_blank" rel="noreferrer noopener">Load More</a></div>
<!-- /wp:button --></div>
<!-- /wp:buttons -->

<!-- wp:buttons -->
<div class="wp-block-buttons"><!-- wp:button /--></div>
<!-- /wp:buttons -->

<!-- wp:paragraph -->
<p></p>
<!-- /wp:paragraph -->]]></content:encoded>
  <excerpt:encoded><![CDATA[]]></excerpt:encoded>
  <wp:post_id>6</wp:post_id>
  <wp:post_date>2021-09-20 18:25:38</wp:post_date>
  <wp:post_date_gmt>2021-09-20 18:25:38</wp:post_date_gmt>
  <wp:post_modified>2021-09-24 00:43:01</wp:post_modified>
  <wp:post_modified_gmt>2021-09-24 07:43:01</wp:post_modified_gmt>
  <wp:comment_status>closed</wp:comment_status>
  <wp:ping_status>closed</wp:ping_status>
  <wp:post_name>blog</wp:post_name>
  <wp:status>publish</wp:status>
  <wp:post_parent>0</wp:post_parent>
  <wp:menu_order>0</wp:menu_order>
  <wp:post_type>page</wp:post_type>
  <wp:post_password/>
  <wp:is_sticky>0</wp:is_sticky>
  <wp:postmeta>
    <wp:meta_key>sharing_disabled</wp:meta_key>
    <wp:meta_value><![CDATA[a:1:{i:0;N;}]]></wp:meta_value>
  </wp:postmeta>
  <wp:postmeta>
    <wp:meta_key>switch_like_status</wp:meta_key>
    <wp:meta_value><![CDATA[a:1:{i:0;N;}]]></wp:meta_value>
  </wp:postmeta>
  <wp:postmeta>
    <wp:meta_key>_starter_page_template</wp:meta_key>
    <wp:meta_value><![CDATA[blog]]></wp:meta_value>
  </wp:postmeta>
  <wp:postmeta>
    <wp:meta_key>_publicize_pending</wp:meta_key>
    <wp:meta_value><![CDATA[1]]></wp:meta_value>
  </wp:postmeta>
  <wp:postmeta>
    <wp:meta_key>_checklist_post_type</wp:meta_key>
    <wp:meta_value><![CDATA[_hs_extra]]></wp:meta_value>
  </wp:postmeta>
  <wp:postmeta>
    <wp:meta_key>_last_editor_used_jetpack</wp:meta_key>
    <wp:meta_value><![CDATA[block-editor]]></wp:meta_value>
  </wp:postmeta>
</item>
<item>
  <title>Introduce Yourself (Example Post)</title>
  <link>https://wildfirewatcher.wordpress.com/2021/09/20/example-post-3/</link>
  <pubDate>Mon, 20 Sep 2021 18:25:37 +0000</pubDate>
  <dc:creator>mazelclarisse28</dc:creator>
  <guid isPermaLink="false">https://wildfirewatcher.wordpress.com/?p=7</guid>
  <description/>
  <content:encoded><![CDATA[<!-- wp:paragraph -->
<p><em>This is an example post, originally published as part of </em><a href="https://dailypost.wordpress.com/blogging-university/"><em>Blogging University</em></a><em>. Enroll in one of our ten programs, and start your blog right.</em></p>
<!-- /wp:paragraph -->

<!-- wp:paragraph -->
<p>You’re going to publish a post today. Don’t worry about how your blog looks. Don’t worry if you haven’t given it a name yet, or you’re feeling overwhelmed. Just click the “New Post” button, and tell us why you’re here.</p>
<!-- /wp:paragraph -->

<!-- wp:paragraph -->
<p>Why do this? </p>
<!-- /wp:paragraph -->

<!-- wp:list -->
<ul><li>Because it gives new readers context. What are you about? Why should they read your blog?</li><li>Because it will help you focus your own ideas about your blog and what you’d like to do with it. </li></ul>
<!-- /wp:list -->

<!-- wp:paragraph -->
<p>The post can be short or long, a personal intro to your life or a bloggy mission statement, a manifesto for the future or a simple outline of your the types of things you hope to publish.</p>
<!-- /wp:paragraph -->

<!-- wp:paragraph -->
<p>To help you get started, here are a few questions: </p>
<!-- /wp:paragraph -->

<!-- wp:list -->
<ul><li>Why are you blogging publicly, rather than keeping a personal journal?</li><li>What topics do you think you’ll write about?</li><li>Who would you love to connect with via your blog?</li><li>If you blog successfully throughout the next year, what would you hope to have accomplished? </li></ul>
<!-- /wp:list -->

<!-- wp:paragraph -->
<p>You’re not locked into any of this; one of the wonderful things about blogs is how they constantly evolve as we learn, grow, and interact with one another — but it’s good to know where and why you started, and articulating your goals may just give you a few other post ideas.</p>
<!-- /wp:paragraph -->

<!-- wp:paragraph -->
<p>Can’t think how to get started? Just write the first thing that pops into your head. Anne Lamott, author of a book on writing we love, says that you need to give yourself permission to write a “crappy first draft”. Anne makes a great point — just start writing, and worry about editing it later.</p>
<!-- /wp:paragraph -->

<!-- wp:paragraph -->
<p>When you’re ready to publish, give your post three to five tags that describe your blog’s focus — writing, photography, fiction, parenting, food, cars, movies, sports, whatever. These tags will help others who care about your topics find you in the Reader. Make sure one of the tags is “zerotohero,” so other new bloggers can find you, too.</p>
<!-- /wp:paragraph -->]]></content:encoded>
  <excerpt:encoded><![CDATA[]]></excerpt:encoded>
  <wp:post_id>7</wp:post_id>
  <wp:post_date>2021-09-20 18:25:37</wp:post_date>
  <wp:post_date_gmt>2021-09-20 18:25:37</wp:post_date_gmt>
  <wp:post_modified>2021-09-20 18:30:39</wp:post_modified>
  <wp:post_modified_gmt>2021-09-20 18:30:39</wp:post_modified_gmt>
  <wp:comment_status>open</wp:comment_status>
  <wp:ping_status>open</wp:ping_status>
  <wp:post_name>example-post-3</wp:post_name>
  <wp:status>publish</wp:status>
  <wp:post_parent>0</wp:post_parent>
  <wp:menu_order>0</wp:menu_order>
  <wp:post_type>post</wp:post_type>
  <wp:post_password/>
  <wp:is_sticky>0</wp:is_sticky>
  <category domain="category" nicename="uncategorized"><![CDATA[Uncategorized]]></category>
  <wp:postmeta>
    <wp:meta_key>_headstart_post</wp:meta_key>
    <wp:meta_value><![CDATA[_hs_extra]]></wp:meta_value>
  </wp:postmeta>
  <wp:postmeta>
    <wp:meta_key>sharing_disabled</wp:meta_key>
    <wp:meta_value><![CDATA[a:1:{i:0;N;}]]></wp:meta_value>
  </wp:postmeta>
  <wp:postmeta>
    <wp:meta_key>switch_like_status</wp:meta_key>
    <wp:meta_value><![CDATA[a:1:{i:0;N;}]]></wp:meta_value>
  </wp:postmeta>
  <wp:postmeta>
    <wp:meta_key>_starter_page_template</wp:meta_key>
    <wp:meta_value><![CDATA[]]></wp:meta_value>
  </wp:postmeta>
  <wp:postmeta>
    <wp:meta_key>_wpas_skip_all_services</wp:meta_key>
    <wp:meta_value><![CDATA[1]]></wp:meta_value>
  </wp:postmeta>
  <wp:postmeta>
    <wp:meta_key>_publicize_pending</wp:meta_key>
    <wp:meta_value><![CDATA[1]]></wp:meta_value>
  </wp:postmeta>
  <wp:postmeta>
    <wp:meta_key>_last_editor_used_jetpack</wp:meta_key>
    <wp:meta_value><![CDATA[block-editor]]></wp:meta_value>
  </wp:postmeta>
</item>
<item>
  <title/>
  <link>https://wildfirewatcher.wordpress.com/2021/09/20/11/</link>
  <pubDate>Mon, 20 Sep 2021 18:30:39 +0000</pubDate>
  <dc:creator>mazelclarisse28</dc:creator>
  <guid isPermaLink="false">https://wildfirewatcher.wordpress.com/2021/09/20/11/</guid>
  <description/>
  <content:encoded><![CDATA[ ]]></content:encoded>
  <excerpt:encoded><![CDATA[]]></excerpt:encoded>
  <wp:post_id>11</wp:post_id>
  <wp:post_date>2021-09-20 18:30:39</wp:post_date>
  <wp:post_date_gmt>2021-09-20 18:30:39</wp:post_date_gmt>
  <wp:post_modified>2021-09-20 18:30:39</wp:post_modified>
  <wp:post_modified_gmt>2021-09-20 18:30:39</wp:post_modified_gmt>
  <wp:comment_status>closed</wp:comment_status>
  <wp:ping_status>closed</wp:ping_status>
  <wp:post_name>11</wp:post_name>
  <wp:status>publish</wp:status>
  <wp:post_parent>0</wp:post_parent>
  <wp:menu_order>1</wp:menu_order>
  <wp:post_type>nav_menu_item</wp:post_type>
  <wp:post_password/>
  <wp:is_sticky>0</wp:is_sticky>
  <category domain="nav_menu" nicename="primary"><![CDATA[Primary]]></category>
  <wp:postmeta>
    <wp:meta_key>_publicize_pending</wp:meta_key>
    <wp:meta_value><![CDATA[1]]></wp:meta_value>
  </wp:postmeta>
  <wp:postmeta>
    <wp:meta_key>_menu_item_type</wp:meta_key>
    <wp:meta_value><![CDATA[post_type]]></wp:meta_value>
  </wp:postmeta>
  <wp:postmeta>
    <wp:meta_key>_menu_item_menu_item_parent</wp:meta_key>
    <wp:meta_value><![CDATA[0]]></wp:meta_value>
  </wp:postmeta>
  <wp:postmeta>
    <wp:meta_key>_menu_item_object_id</wp:meta_key>
    <wp:meta_value><![CDATA[5]]></wp:meta_value>
  </wp:postmeta>
  <wp:postmeta>
    <wp:meta_key>_menu_item_object</wp:meta_key>
    <wp:meta_value><![CDATA[page]]></wp:meta_value>
  </wp:postmeta>
  <wp:postmeta>
    <wp:meta_key>_menu_item_target</wp:meta_key>
    <wp:meta_value><![CDATA[]]></wp:meta_value>
  </wp:postmeta>
  <wp:postmeta>
    <wp:meta_key>_menu_item_classes</wp:meta_key>
    <wp:meta_value><![CDATA[a:1:{i:0;s:0:"";}]]></wp:meta_value>
  </wp:postmeta>
  <wp:postmeta>
    <wp:meta_key>_menu_item_xfn</wp:meta_key>
    <wp:meta_value><![CDATA[]]></wp:meta_value>
  </wp:postmeta>
  <wp:postmeta>
    <wp:meta_key>_menu_item_url</wp:meta_key>
    <wp:meta_value><![CDATA[]]></wp:meta_value>
  </wp:postmeta>
  <wp:postmeta>
    <wp:meta_key>_menu_item_content</wp:meta_key>
    <wp:meta_value><![CDATA[]]></wp:meta_value>
  </wp:postmeta>
</item>
<item>
  <title/>
  <link>https://wildfirewatcher.wordpress.com/2021/09/22/12/</link>
  <pubDate>Mon, 20 Sep 2021 18:30:39 +0000</pubDate>
  <dc:creator>mazelclarisse28</dc:creator>
  <guid isPermaLink="false">https://wildfirewatcher.wordpress.com/2021/09/20/12/</guid>
  <description/>
  <content:encoded><![CDATA[ ]]></content:encoded>
  <excerpt:encoded><![CDATA[]]></excerpt:encoded>
  <wp:post_id>12</wp:post_id>
  <wp:post_date>2021-09-22 11:46:54</wp:post_date>
  <wp:post_date_gmt>2021-09-20 18:30:39</wp:post_date_gmt>
  <wp:post_modified>2021-09-22 11:46:55</wp:post_modified>
  <wp:post_modified_gmt>2021-09-22 18:46:55</wp:post_modified_gmt>
  <wp:comment_status>closed</wp:comment_status>
  <wp:ping_status>closed</wp:ping_status>
  <wp:post_name>12</wp:post_name>
  <wp:status>publish</wp:status>
  <wp:post_parent>0</wp:post_parent>
  <wp:menu_order>6</wp:menu_order>
  <wp:post_type>nav_menu_item</wp:post_type>
  <wp:post_password/>
  <wp:is_sticky>0</wp:is_sticky>
  <category domain="nav_menu" nicename="primary"><![CDATA[Primary]]></category>
  <wp:postmeta>
    <wp:meta_key>_publicize_pending</wp:meta_key>
    <wp:meta_value><![CDATA[1]]></wp:meta_value>
  </wp:postmeta>
  <wp:postmeta>
    <wp:meta_key>_menu_item_type</wp:meta_key>
    <wp:meta_value><![CDATA[post_type]]></wp:meta_value>
  </wp:postmeta>
  <wp:postmeta>
    <wp:meta_key>_menu_item_menu_item_parent</wp:meta_key>
    <wp:meta_value><![CDATA[0]]></wp:meta_value>
  </wp:postmeta>
  <wp:postmeta>
    <wp:meta_key>_menu_item_object_id</wp:meta_key>
    <wp:meta_value><![CDATA[6]]></wp:meta_value>
  </wp:postmeta>
  <wp:postmeta>
    <wp:meta_key>_menu_item_object</wp:meta_key>
    <wp:meta_value><![CDATA[page]]></wp:meta_value>
  </wp:postmeta>
  <wp:postmeta>
    <wp:meta_key>_menu_item_target</wp:meta_key>
    <wp:meta_value><![CDATA[]]></wp:meta_value>
  </wp:postmeta>
  <wp:postmeta>
    <wp:meta_key>_menu_item_classes</wp:meta_key>
    <wp:meta_value><![CDATA[a:1:{i:0;s:0:"";}]]></wp:meta_value>
  </wp:postmeta>
  <wp:postmeta>
    <wp:meta_key>_menu_item_xfn</wp:meta_key>
    <wp:meta_value><![CDATA[]]></wp:meta_value>
  </wp:postmeta>
  <wp:postmeta>
    <wp:meta_key>_menu_item_url</wp:meta_key>
    <wp:meta_value><![CDATA[]]></wp:meta_value>
  </wp:postmeta>
  <wp:postmeta>
    <wp:meta_key>_menu_item_content</wp:meta_key>
    <wp:meta_value><![CDATA[]]></wp:meta_value>
  </wp:postmeta>
  <wp:postmeta>
    <wp:meta_key>_wp_old_date</wp:meta_key>
    <wp:meta_value><![CDATA[2021-09-20]]></wp:meta_value>
  </wp:postmeta>
</item>
<item>
  <title>Placeholder Image</title>
  <link>https://wildfirewatcher.wordpress.com/placeholder-image/</link>
  <pubDate>Mon, 20 Sep 2021 18:30:40 +0000</pubDate>
  <dc:creator>mazelclarisse28</dc:creator>
  <guid isPermaLink="false">http://wildfirewatcher.files.wordpress.com/2021/09/qi-bin-w4hbafegiac-unsplash.jpg</guid>
  <description/>
  <content:encoded><![CDATA[]]></content:encoded>
  <excerpt:encoded><![CDATA[]]></excerpt:encoded>
  <wp:post_id>13</wp:post_id>
  <wp:post_date>2021-09-20 18:30:40</wp:post_date>
  <wp:post_date_gmt>2021-09-20 18:30:40</wp:post_date_gmt>
  <wp:post_modified>2021-09-20 18:30:40</wp:post_modified>
  <wp:post_modified_gmt>2021-09-20 18:30:40</wp:post_modified_gmt>
  <wp:comment_status>open</wp:comment_status>
  <wp:ping_status>closed</wp:ping_status>
  <wp:post_name>placeholder-image</wp:post_name>
  <wp:status>inherit</wp:status>
  <wp:post_parent>0</wp:post_parent>
  <wp:menu_order>0</wp:menu_order>
  <wp:post_type>attachment</wp:post_type>
  <wp:post_password/>
  <wp:is_sticky>0</wp:is_sticky>
</item>
<item>
  <title>Find Wildfires</title>
  <link>https://wildfirewatcher.wordpress.com/find-wildfires/</link>
  <pubDate>Wed, 22 Sep 2021 17:18:40 +0000</pubDate>
  <dc:creator>serranojennifer</dc:creator>
  <guid isPermaLink="false">https://wildfirewatcher.wordpress.com/?page_id=28</guid>
  <description/>
  <content:encoded><![CDATA[<!-- wp:search {"label":"Search for Wildfires","placeholder":"Enter Zip Code...","width":780,"widthUnit":"px","buttonText":"Search","buttonPosition":"button-inside","buttonUseIcon":true} /-->

<!-- wp:image {"align":"full","id":118,"sizeSlug":"large","linkDestination":"none","className":"is-style-default"} -->
<figure class="wp-block-image alignfull size-large is-style-default"><img src="https://wildfirewatcher.files.wordpress.com/2021/09/screenshot-2021-09-23-145844.png?w=1024" alt="" class="wp-image-118" /></figure>
<!-- /wp:image -->

<!-- wp:heading {"level":6,"align":"wide","style":{"typography":{"fontSize":"20px","lineHeight":"1.1"}},"textColor":"primary"} -->
<h6 class="alignwide has-primary-color has-text-color" style="font-size:20px;line-height:1.1;">List of Wildfires near 92277</h6>
<!-- /wp:heading -->

<!-- wp:table {"backgroundColor":"background","textColor":"foreground","className":"is-style-stripes"} -->
<figure class="wp-block-table is-style-stripes"><table class="has-foreground-color has-background-background-color has-text-color has-background"><thead><tr><th class="has-text-align-left" data-align="left">Name</th><th class="has-text-align-left" data-align="left">Start Date  </th><th class="has-text-align-center" data-align="center">Counties</th><th class="has-text-align-center" data-align="center">Acres</th><th>Containment</th></tr></thead><tbody><tr><td class="has-text-align-left" data-align="left">8th ST/PALM DR       </td><td class="has-text-align-left" data-align="left">9/21/2021             </td><td class="has-text-align-center" data-align="center">         -          </td><td class="has-text-align-center" data-align="center">  0.1     </td><td>Not Available             </td></tr><tr><td class="has-text-align-left" data-align="left">CORKILL RD DHSP INCIDENT</td><td class="has-text-align-left" data-align="left">9/22/2021 </td><td class="has-text-align-center" data-align="center">-</td><td class="has-text-align-center" data-align="center">0.1</td><td>Not Available</td></tr><tr><td class="has-text-align-left" data-align="left">MONTEREY AV OFRP / I 10 E INCIDENT</td><td class="has-text-align-left" data-align="left">9/22/2021 </td><td class="has-text-align-center" data-align="center">-</td><td class="has-text-align-center" data-align="center">0.1</td><td>Not Available</td></tr><tr><td class="has-text-align-left" data-align="left"></td><td class="has-text-align-left" data-align="left"></td><td class="has-text-align-center" data-align="center"></td><td class="has-text-align-center" data-align="center"></td><td></td></tr></tbody></table></figure>
<!-- /wp:table -->]]></content:encoded>
  <excerpt:encoded><![CDATA[]]></excerpt:encoded>
  <wp:post_id>28</wp:post_id>
  <wp:post_date>2021-09-22 10:18:40</wp:post_date>
  <wp:post_date_gmt>2021-09-22 17:18:40</wp:post_date_gmt>
  <wp:post_modified>2021-09-23 19:25:06</wp:post_modified>
  <wp:post_modified_gmt>2021-09-24 02:25:06</wp:post_modified_gmt>
  <wp:comment_status>closed</wp:comment_status>
  <wp:ping_status>closed</wp:ping_status>
  <wp:post_name>find-wildfires</wp:post_name>
  <wp:status>publish</wp:status>
  <wp:post_parent>0</wp:post_parent>
  <wp:menu_order>0</wp:menu_order>
  <wp:post_type>page</wp:post_type>
  <wp:post_password/>
  <wp:is_sticky>0</wp:is_sticky>
  <wp:postmeta>
    <wp:meta_key>_customize_changeset_uuid</wp:meta_key>
    <wp:meta_value><![CDATA[f07dd7ba-3391-4579-939a-b0b6d3f5e1e1]]></wp:meta_value>
  </wp:postmeta>
  <wp:postmeta>
    <wp:meta_key>_publicize_pending</wp:meta_key>
    <wp:meta_value><![CDATA[1]]></wp:meta_value>
  </wp:postmeta>
  <wp:postmeta>
    <wp:meta_key>_last_editor_used_jetpack</wp:meta_key>
    <wp:meta_value><![CDATA[block-editor]]></wp:meta_value>
  </wp:postmeta>
  <wp:postmeta>
    <wp:meta_key>_g_feedback_shortcode_40403995340ea2de3023d082a5764bcab843b149</wp:meta_key>
    <wp:meta_value><![CDATA[
[contact-field required="1" type="name" label="Name"/]

[contact-field required="1" type="email" label="Email"/]

[contact-field type="textarea" label="Message"/]

<div class="wp-block-jetpack-button wp-block-button" style=""><button class="wp-block-button__link" style="" data-id-attr="placeholder" type="submit">Contact Us</button></div>
]]></wp:meta_value>
  </wp:postmeta>
  <wp:postmeta>
    <wp:meta_key>_g_feedback_shortcode_atts_40403995340ea2de3023d082a5764bcab843b149</wp:meta_key>
    <wp:meta_value><![CDATA[a:11:{s:2:"to";s:27:"serranojennifer09@gmail.com";s:7:"subject";s:34:"[Wildfire Watchers] Find Wildfires";s:12:"show_subject";s:2:"no";s:6:"widget";i:0;s:2:"id";i:28;s:18:"submit_button_text";s:6:"Submit";s:14:"customThankyou";s:0:"";s:21:"customThankyouHeading";s:12:"Message Sent";s:21:"customThankyouMessage";s:30:"Thank you for your submission!";s:22:"customThankyouRedirect";s:0:"";s:10:"jetpackCRM";b:1;}]]></wp:meta_value>
  </wp:postmeta>
  <wp:postmeta>
    <wp:meta_key>_oembed_1ca25efcca7075d9291dc295fc863d56</wp:meta_key>
    <wp:meta_value><![CDATA[{{unknown}}]]></wp:meta_value>
  </wp:postmeta>
  <wp:postmeta>
    <wp:meta_key>_coblocks_attr</wp:meta_key>
    <wp:meta_value><![CDATA[]]></wp:meta_value>
  </wp:postmeta>
  <wp:postmeta>
    <wp:meta_key>_coblocks_dimensions</wp:meta_key>
    <wp:meta_value><![CDATA[{"coblocks-hero-823185329763":{"padding":{}}}]]></wp:meta_value>
  </wp:postmeta>
  <wp:postmeta>
    <wp:meta_key>_coblocks_responsive_height</wp:meta_key>
    <wp:meta_value><![CDATA[]]></wp:meta_value>
  </wp:postmeta>
  <wp:postmeta>
    <wp:meta_key>_coblocks_accordion_ie_support</wp:meta_key>
    <wp:meta_value><![CDATA[]]></wp:meta_value>
  </wp:postmeta>
  <wp:postmeta>
    <wp:meta_key>spay_email</wp:meta_key>
    <wp:meta_value><![CDATA[]]></wp:meta_value>
  </wp:postmeta>
  <wp:postmeta>
    <wp:meta_key>_starter_page_template</wp:meta_key>
    <wp:meta_value><![CDATA[]]></wp:meta_value>
  </wp:postmeta>
</item>
<item>
  <title/>
  <link>https://wildfirewatcher.wordpress.com/2021/09/22/31/</link>
  <pubDate>Wed, 22 Sep 2021 17:18:41 +0000</pubDate>
  <dc:creator>serranojennifer</dc:creator>
  <guid isPermaLink="false">https://wildfirewatcher.wordpress.com/2021/09/22/31/</guid>
  <description/>
  <content:encoded><![CDATA[ ]]></content:encoded>
  <excerpt:encoded><![CDATA[]]></excerpt:encoded>
  <wp:post_id>31</wp:post_id>
  <wp:post_date>2021-09-22 11:46:55</wp:post_date>
  <wp:post_date_gmt>2021-09-22 17:18:41</wp:post_date_gmt>
  <wp:post_modified>2021-09-22 11:46:55</wp:post_modified>
  <wp:post_modified_gmt>2021-09-22 18:46:55</wp:post_modified_gmt>
  <wp:comment_status>closed</wp:comment_status>
  <wp:ping_status>closed</wp:ping_status>
  <wp:post_name>31</wp:post_name>
  <wp:status>publish</wp:status>
  <wp:post_parent>0</wp:post_parent>
  <wp:menu_order>3</wp:menu_order>
  <wp:post_type>nav_menu_item</wp:post_type>
  <wp:post_password/>
  <wp:is_sticky>0</wp:is_sticky>
  <category domain="nav_menu" nicename="primary"><![CDATA[Primary]]></category>
  <wp:postmeta>
    <wp:meta_key>_publicize_pending</wp:meta_key>
    <wp:meta_value><![CDATA[1]]></wp:meta_value>
  </wp:postmeta>
  <wp:postmeta>
    <wp:meta_key>_menu_item_type</wp:meta_key>
    <wp:meta_value><![CDATA[post_type]]></wp:meta_value>
  </wp:postmeta>
  <wp:postmeta>
    <wp:meta_key>_menu_item_menu_item_parent</wp:meta_key>
    <wp:meta_value><![CDATA[0]]></wp:meta_value>
  </wp:postmeta>
  <wp:postmeta>
    <wp:meta_key>_menu_item_object_id</wp:meta_key>
    <wp:meta_value><![CDATA[28]]></wp:meta_value>
  </wp:postmeta>
  <wp:postmeta>
    <wp:meta_key>_menu_item_object</wp:meta_key>
    <wp:meta_value><![CDATA[page]]></wp:meta_value>
  </wp:postmeta>
  <wp:postmeta>
    <wp:meta_key>_menu_item_target</wp:meta_key>
    <wp:meta_value><![CDATA[]]></wp:meta_value>
  </wp:postmeta>
  <wp:postmeta>
    <wp:meta_key>_menu_item_classes</wp:meta_key>
    <wp:meta_value><![CDATA[a:1:{i:0;s:0:"";}]]></wp:meta_value>
  </wp:postmeta>
  <wp:postmeta>
    <wp:meta_key>_menu_item_xfn</wp:meta_key>
    <wp:meta_value><![CDATA[]]></wp:meta_value>
  </wp:postmeta>
  <wp:postmeta>
    <wp:meta_key>_menu_item_url</wp:meta_key>
    <wp:meta_value><![CDATA[]]></wp:meta_value>
  </wp:postmeta>
  <wp:postmeta>
    <wp:meta_key>_menu_item_content</wp:meta_key>
    <wp:meta_value><![CDATA[]]></wp:meta_value>
  </wp:postmeta>
</item>
<item>
  <title>logo-seniordesign</title>
  <link>https://wildfirewatcher.wordpress.com/logo-seniordesign/</link>
  <pubDate>Wed, 22 Sep 2021 17:32:42 +0000</pubDate>
  <dc:creator>mazelclarisse28</dc:creator>
  <guid isPermaLink="false">http://wildfirewatcher.files.wordpress.com/2021/09/logo-seniordesign.png</guid>
  <description/>
  <content:encoded><![CDATA[]]></content:encoded>
  <excerpt:encoded><![CDATA[]]></excerpt:encoded>
  <wp:post_id>33</wp:post_id>
  <wp:post_date>2021-09-22 10:32:42</wp:post_date>
  <wp:post_date_gmt>2021-09-22 17:32:42</wp:post_date_gmt>
  <wp:post_modified>2021-09-22 10:32:42</wp:post_modified>
  <wp:post_modified_gmt>2021-09-22 17:32:42</wp:post_modified_gmt>
  <wp:comment_status>open</wp:comment_status>
  <wp:ping_status>closed</wp:ping_status>
  <wp:post_name>logo-seniordesign</wp:post_name>
  <wp:status>inherit</wp:status>
  <wp:post_parent>0</wp:post_parent>
  <wp:menu_order>0</wp:menu_order>
  <wp:post_type>attachment</wp:post_type>
  <wp:post_password/>
  <wp:is_sticky>0</wp:is_sticky>
</item>
<item>
  <title>Our Mission</title>
  <link>https://wildfirewatcher.wordpress.com/our-mission/</link>
  <pubDate>Wed, 22 Sep 2021 18:46:52 +0000</pubDate>
  <dc:creator>mazelclarisse28</dc:creator>
  <guid isPermaLink="false">https://wildfirewatcher.wordpress.com/?page_id=41</guid>
  <description/>
  <content:encoded><![CDATA[]]></content:encoded>
  <excerpt:encoded><![CDATA[]]></excerpt:encoded>
  <wp:post_id>41</wp:post_id>
  <wp:post_date>2021-09-22 11:46:52</wp:post_date>
  <wp:post_date_gmt>2021-09-22 18:46:52</wp:post_date_gmt>
  <wp:post_modified>2021-09-22 11:46:52</wp:post_modified>
  <wp:post_modified_gmt>2021-09-22 18:46:52</wp:post_modified_gmt>
  <wp:comment_status>closed</wp:comment_status>
  <wp:ping_status>closed</wp:ping_status>
  <wp:post_name>our-mission</wp:post_name>
  <wp:status>publish</wp:status>
  <wp:post_parent>0</wp:post_parent>
  <wp:menu_order>0</wp:menu_order>
  <wp:post_type>page</wp:post_type>
  <wp:post_password/>
  <wp:is_sticky>0</wp:is_sticky>
  <wp:postmeta>
    <wp:meta_key>_customize_changeset_uuid</wp:meta_key>
    <wp:meta_value><![CDATA[976458a9-2e33-4c21-b2dc-a7d19d018225]]></wp:meta_value>
  </wp:postmeta>
  <wp:postmeta>
    <wp:meta_key>_publicize_pending</wp:meta_key>
    <wp:meta_value><![CDATA[1]]></wp:meta_value>
  </wp:postmeta>
  <wp:postmeta>
    <wp:meta_key>_last_editor_used_jetpack</wp:meta_key>
    <wp:meta_value><![CDATA[block-editor]]></wp:meta_value>
  </wp:postmeta>
</item>
<item>
  <title>logo-seniordesign-1</title>
  <link>https://wildfirewatcher.wordpress.com/logo-seniordesign-1/</link>
  <pubDate>Wed, 22 Sep 2021 18:45:24 +0000</pubDate>
  <dc:creator>mazelclarisse28</dc:creator>
  <guid isPermaLink="false">http://wildfirewatcher.files.wordpress.com/2021/09/logo-seniordesign-1.png</guid>
  <description/>
  <content:encoded><![CDATA[]]></content:encoded>
  <excerpt:encoded><![CDATA[]]></excerpt:encoded>
  <wp:post_id>44</wp:post_id>
  <wp:post_date>2021-09-22 11:45:24</wp:post_date>
  <wp:post_date_gmt>2021-09-22 18:45:24</wp:post_date_gmt>
  <wp:post_modified>2021-09-22 11:45:24</wp:post_modified>
  <wp:post_modified_gmt>2021-09-22 18:45:24</wp:post_modified_gmt>
  <wp:comment_status>open</wp:comment_status>
  <wp:ping_status>closed</wp:ping_status>
  <wp:post_name>logo-seniordesign-1</wp:post_name>
  <wp:status>inherit</wp:status>
  <wp:post_parent>0</wp:post_parent>
  <wp:menu_order>0</wp:menu_order>
  <wp:post_type>attachment</wp:post_type>
  <wp:post_password/>
  <wp:is_sticky>0</wp:is_sticky>
</item>
<item>
  <title/>
  <link>https://wildfirewatcher.wordpress.com/2021/09/22/46/</link>
  <pubDate>Wed, 22 Sep 2021 18:46:53 +0000</pubDate>
  <dc:creator>mazelclarisse28</dc:creator>
  <guid isPermaLink="false">https://wildfirewatcher.wordpress.com/2021/09/22/46/</guid>
  <description/>
  <content:encoded><![CDATA[ ]]></content:encoded>
  <excerpt:encoded><![CDATA[]]></excerpt:encoded>
  <wp:post_id>46</wp:post_id>
  <wp:post_date>2021-09-22 11:46:53</wp:post_date>
  <wp:post_date_gmt>2021-09-22 18:46:53</wp:post_date_gmt>
  <wp:post_modified>2021-09-22 11:46:53</wp:post_modified>
  <wp:post_modified_gmt>2021-09-22 18:46:53</wp:post_modified_gmt>
  <wp:comment_status>closed</wp:comment_status>
  <wp:ping_status>closed</wp:ping_status>
  <wp:post_name>46</wp:post_name>
  <wp:status>publish</wp:status>
  <wp:post_parent>0</wp:post_parent>
  <wp:menu_order>1</wp:menu_order>
  <wp:post_type>nav_menu_item</wp:post_type>
  <wp:post_password/>
  <wp:is_sticky>0</wp:is_sticky>
  <category domain="nav_menu" nicename="primary"><![CDATA[Primary]]></category>
  <wp:postmeta>
    <wp:meta_key>_publicize_pending</wp:meta_key>
    <wp:meta_value><![CDATA[1]]></wp:meta_value>
  </wp:postmeta>
  <wp:postmeta>
    <wp:meta_key>_menu_item_type</wp:meta_key>
    <wp:meta_value><![CDATA[post_type]]></wp:meta_value>
  </wp:postmeta>
  <wp:postmeta>
    <wp:meta_key>_menu_item_menu_item_parent</wp:meta_key>
    <wp:meta_value><![CDATA[11]]></wp:meta_value>
  </wp:postmeta>
  <wp:postmeta>
    <wp:meta_key>_menu_item_object_id</wp:meta_key>
    <wp:meta_value><![CDATA[41]]></wp:meta_value>
  </wp:postmeta>
  <wp:postmeta>
    <wp:meta_key>_menu_item_object</wp:meta_key>
    <wp:meta_value><![CDATA[page]]></wp:meta_value>
  </wp:postmeta>
  <wp:postmeta>
    <wp:meta_key>_menu_item_target</wp:meta_key>
    <wp:meta_value><![CDATA[]]></wp:meta_value>
  </wp:postmeta>
  <wp:postmeta>
    <wp:meta_key>_menu_item_classes</wp:meta_key>
    <wp:meta_value><![CDATA[a:1:{i:0;s:0:"";}]]></wp:meta_value>
  </wp:postmeta>
  <wp:postmeta>
    <wp:meta_key>_menu_item_xfn</wp:meta_key>
    <wp:meta_value><![CDATA[]]></wp:meta_value>
  </wp:postmeta>
  <wp:postmeta>
    <wp:meta_key>_menu_item_url</wp:meta_key>
    <wp:meta_value><![CDATA[]]></wp:meta_value>
  </wp:postmeta>
  <wp:postmeta>
    <wp:meta_key>_menu_item_content</wp:meta_key>
    <wp:meta_value><![CDATA[]]></wp:meta_value>
  </wp:postmeta>
</item>
<item>
  <title>logo-seniordesign-resizedsmall</title>
  <link>https://wildfirewatcher.wordpress.com/logo-seniordesign-resizedsmall/</link>
  <pubDate>Wed, 22 Sep 2021 19:07:10 +0000</pubDate>
  <dc:creator>mazelclarisse28</dc:creator>
  <guid isPermaLink="false">http://wildfirewatcher.files.wordpress.com/2021/09/logo-seniordesign-resizedsmall.png</guid>
  <description/>
  <content:encoded><![CDATA[]]></content:encoded>
  <excerpt:encoded><![CDATA[]]></excerpt:encoded>
  <wp:post_id>47</wp:post_id>
  <wp:post_date>2021-09-22 12:07:10</wp:post_date>
  <wp:post_date_gmt>2021-09-22 19:07:10</wp:post_date_gmt>
  <wp:post_modified>2021-09-22 12:07:10</wp:post_modified>
  <wp:post_modified_gmt>2021-09-22 19:07:10</wp:post_modified_gmt>
  <wp:comment_status>open</wp:comment_status>
  <wp:ping_status>closed</wp:ping_status>
  <wp:post_name>logo-seniordesign-resizedsmall</wp:post_name>
  <wp:status>inherit</wp:status>
  <wp:post_parent>0</wp:post_parent>
  <wp:menu_order>0</wp:menu_order>
  <wp:post_type>attachment</wp:post_type>
  <wp:post_password/>
  <wp:is_sticky>0</wp:is_sticky>
</item>
<item>
  <title>cropped-logo-seniordesign-resizedsmall.png</title>
  <link>https://wildfirewatcher.wordpress.com/cropped-logo-seniordesign-resizedsmall-png/</link>
  <pubDate>Wed, 22 Sep 2021 19:07:23 +0000</pubDate>
  <dc:creator>mazelclarisse28</dc:creator>
  <guid isPermaLink="false">https://wildfirewatcher.files.wordpress.com/2021/09/cropped-logo-seniordesign-resizedsmall.png</guid>
  <description/>
  <content:encoded><![CDATA[https://wildfirewatcher.files.wordpress.com/2021/09/cropped-logo-seniordesign-resizedsmall.png]]></content:encoded>
  <excerpt:encoded><![CDATA[]]></excerpt:encoded>
  <wp:post_id>48</wp:post_id>
  <wp:post_date>2021-09-22 12:07:23</wp:post_date>
  <wp:post_date_gmt>2021-09-22 19:07:23</wp:post_date_gmt>
  <wp:post_modified>2021-09-22 12:07:23</wp:post_modified>
  <wp:post_modified_gmt>2021-09-22 19:07:23</wp:post_modified_gmt>
  <wp:comment_status>open</wp:comment_status>
  <wp:ping_status>closed</wp:ping_status>
  <wp:post_name>cropped-logo-seniordesign-resizedsmall-png</wp:post_name>
  <wp:status>inherit</wp:status>
  <wp:post_parent>0</wp:post_parent>
  <wp:menu_order>0</wp:menu_order>
  <wp:post_type>attachment</wp:post_type>
  <wp:post_password/>
  <wp:is_sticky>0</wp:is_sticky>
  <wp:postmeta>
    <wp:meta_key>_wp_attachment_context</wp:meta_key>
    <wp:meta_value><![CDATA[custom-logo]]></wp:meta_value>
  </wp:postmeta>
</item>
<item>
  <title>map-placeholder</title>
  <link>https://wildfirewatcher.wordpress.com/map-placeholder/</link>
  <pubDate>Wed, 22 Sep 2021 20:08:37 +0000</pubDate>
  <dc:creator>mazelclarisse28</dc:creator>
  <guid isPermaLink="false">http://wildfirewatcher.files.wordpress.com/2021/09/map-placeholder.png</guid>
  <description/>
  <content:encoded><![CDATA[]]></content:encoded>
  <excerpt:encoded><![CDATA[]]></excerpt:encoded>
  <wp:post_id>59</wp:post_id>
  <wp:post_date>2021-09-22 13:08:37</wp:post_date>
  <wp:post_date_gmt>2021-09-22 20:08:37</wp:post_date_gmt>
  <wp:post_modified>2021-09-22 13:08:37</wp:post_modified>
  <wp:post_modified_gmt>2021-09-22 20:08:37</wp:post_modified_gmt>
  <wp:comment_status>open</wp:comment_status>
  <wp:ping_status>closed</wp:ping_status>
  <wp:post_name>map-placeholder</wp:post_name>
  <wp:status>inherit</wp:status>
  <wp:post_parent>0</wp:post_parent>
  <wp:menu_order>0</wp:menu_order>
  <wp:post_type>attachment</wp:post_type>
  <wp:post_password/>
  <wp:is_sticky>0</wp:is_sticky>
</item>
<item>
  <title>92373_finder</title>
  <link>https://wildfirewatcher.wordpress.com/92373_finder/</link>
  <pubDate>Thu, 23 Sep 2021 03:50:25 +0000</pubDate>
  <dc:creator>serranojennifer</dc:creator>
  <guid isPermaLink="false">http://wildfirewatcher.files.wordpress.com/2021/09/92373_finder.jpg</guid>
  <description/>
  <content:encoded><![CDATA[]]></content:encoded>
  <excerpt:encoded><![CDATA[]]></excerpt:encoded>
  <wp:post_id>62</wp:post_id>
  <wp:post_date>2021-09-22 20:50:25</wp:post_date>
  <wp:post_date_gmt>2021-09-23 03:50:25</wp:post_date_gmt>
  <wp:post_modified>2021-09-22 20:50:25</wp:post_modified>
  <wp:post_modified_gmt>2021-09-23 03:50:25</wp:post_modified_gmt>
  <wp:comment_status>open</wp:comment_status>
  <wp:ping_status>closed</wp:ping_status>
  <wp:post_name>92373_finder</wp:post_name>
  <wp:status>inherit</wp:status>
  <wp:post_parent>0</wp:post_parent>
  <wp:menu_order>0</wp:menu_order>
  <wp:post_type>attachment</wp:post_type>
  <wp:post_password/>
  <wp:is_sticky>0</wp:is_sticky>
</item>
<item>
  <title>zipcode_finder</title>
  <link>https://wildfirewatcher.wordpress.com/zipcode_finder/</link>
  <pubDate>Thu, 23 Sep 2021 03:50:49 +0000</pubDate>
  <dc:creator>serranojennifer</dc:creator>
  <guid isPermaLink="false">http://wildfirewatcher.files.wordpress.com/2021/09/zipcode_finder.jpg</guid>
  <description/>
  <content:encoded><![CDATA[]]></content:encoded>
  <excerpt:encoded><![CDATA[]]></excerpt:encoded>
  <wp:post_id>64</wp:post_id>
  <wp:post_date>2021-09-22 20:50:49</wp:post_date>
  <wp:post_date_gmt>2021-09-23 03:50:49</wp:post_date_gmt>
  <wp:post_modified>2021-09-22 20:50:49</wp:post_modified>
  <wp:post_modified_gmt>2021-09-23 03:50:49</wp:post_modified_gmt>
  <wp:comment_status>open</wp:comment_status>
  <wp:ping_status>closed</wp:ping_status>
  <wp:post_name>zipcode_finder</wp:post_name>
  <wp:status>inherit</wp:status>
  <wp:post_parent>0</wp:post_parent>
  <wp:menu_order>0</wp:menu_order>
  <wp:post_type>attachment</wp:post_type>
  <wp:post_password/>
  <wp:is_sticky>0</wp:is_sticky>
</item>
<item>
  <title>92373_wildfires</title>
  <link>https://wildfirewatcher.wordpress.com/92373_wildfires/</link>
  <pubDate>Thu, 23 Sep 2021 03:52:32 +0000</pubDate>
  <dc:creator>serranojennifer</dc:creator>
  <guid isPermaLink="false">http://wildfirewatcher.files.wordpress.com/2021/09/92373_wildfires.png</guid>
  <description/>
  <content:encoded><![CDATA[]]></content:encoded>
  <excerpt:encoded><![CDATA[]]></excerpt:encoded>
  <wp:post_id>66</wp:post_id>
  <wp:post_date>2021-09-22 20:52:32</wp:post_date>
  <wp:post_date_gmt>2021-09-23 03:52:32</wp:post_date_gmt>
  <wp:post_modified>2021-09-22 20:52:32</wp:post_modified>
  <wp:post_modified_gmt>2021-09-23 03:52:32</wp:post_modified_gmt>
  <wp:comment_status>open</wp:comment_status>
  <wp:ping_status>closed</wp:ping_status>
  <wp:post_name>92373_wildfires</wp:post_name>
  <wp:status>inherit</wp:status>
  <wp:post_parent>0</wp:post_parent>
  <wp:menu_order>0</wp:menu_order>
  <wp:post_type>attachment</wp:post_type>
  <wp:post_password/>
  <wp:is_sticky>0</wp:is_sticky>
</item>
<item>
  <title>capture</title>
  <link>https://wildfirewatcher.wordpress.com/capture/</link>
  <pubDate>Thu, 23 Sep 2021 03:55:48 +0000</pubDate>
  <dc:creator>serranojennifer</dc:creator>
  <guid isPermaLink="false">http://wildfirewatcher.files.wordpress.com/2021/09/capture.png</guid>
  <description/>
  <content:encoded><![CDATA[]]></content:encoded>
  <excerpt:encoded><![CDATA[]]></excerpt:encoded>
  <wp:post_id>71</wp:post_id>
  <wp:post_date>2021-09-22 20:55:48</wp:post_date>
  <wp:post_date_gmt>2021-09-23 03:55:48</wp:post_date_gmt>
  <wp:post_modified>2021-09-22 20:55:48</wp:post_modified>
  <wp:post_modified_gmt>2021-09-23 03:55:48</wp:post_modified_gmt>
  <wp:comment_status>open</wp:comment_status>
  <wp:ping_status>closed</wp:ping_status>
  <wp:post_name>capture</wp:post_name>
  <wp:status>inherit</wp:status>
  <wp:post_parent>0</wp:post_parent>
  <wp:menu_order>0</wp:menu_order>
  <wp:post_type>attachment</wp:post_type>
  <wp:post_password/>
  <wp:is_sticky>0</wp:is_sticky>
</item>
<item>
  <title>92373_wildfires-1</title>
  <link>https://wildfirewatcher.wordpress.com/92373_wildfires-1/</link>
  <pubDate>Thu, 23 Sep 2021 03:59:32 +0000</pubDate>
  <dc:creator>serranojennifer</dc:creator>
  <guid isPermaLink="false">http://wildfirewatcher.files.wordpress.com/2021/09/92373_wildfires-1.png</guid>
  <description/>
  <content:encoded><![CDATA[]]></content:encoded>
  <excerpt:encoded><![CDATA[]]></excerpt:encoded>
  <wp:post_id>73</wp:post_id>
  <wp:post_date>2021-09-22 20:59:32</wp:post_date>
  <wp:post_date_gmt>2021-09-23 03:59:32</wp:post_date_gmt>
  <wp:post_modified>2021-09-22 20:59:32</wp:post_modified>
  <wp:post_modified_gmt>2021-09-23 03:59:32</wp:post_modified_gmt>
  <wp:comment_status>open</wp:comment_status>
  <wp:ping_status>closed</wp:ping_status>
  <wp:post_name>92373_wildfires-1</wp:post_name>
  <wp:status>inherit</wp:status>
  <wp:post_parent>0</wp:post_parent>
  <wp:menu_order>0</wp:menu_order>
  <wp:post_type>attachment</wp:post_type>
  <wp:post_password/>
  <wp:is_sticky>0</wp:is_sticky>
</item>
<item>
  <title>capture-1</title>
  <link>https://wildfirewatcher.wordpress.com/capture-1/</link>
  <pubDate>Thu, 23 Sep 2021 04:04:26 +0000</pubDate>
  <dc:creator>serranojennifer</dc:creator>
  <guid isPermaLink="false">http://wildfirewatcher.files.wordpress.com/2021/09/capture-1.png</guid>
  <description/>
  <content:encoded><![CDATA[]]></content:encoded>
  <excerpt:encoded><![CDATA[]]></excerpt:encoded>
  <wp:post_id>76</wp:post_id>
  <wp:post_date>2021-09-22 21:04:26</wp:post_date>
  <wp:post_date_gmt>2021-09-23 04:04:26</wp:post_date_gmt>
  <wp:post_modified>2021-09-22 21:04:26</wp:post_modified>
  <wp:post_modified_gmt>2021-09-23 04:04:26</wp:post_modified_gmt>
  <wp:comment_status>open</wp:comment_status>
  <wp:ping_status>closed</wp:ping_status>
  <wp:post_name>capture-1</wp:post_name>
  <wp:status>inherit</wp:status>
  <wp:post_parent>0</wp:post_parent>
  <wp:menu_order>0</wp:menu_order>
  <wp:post_type>attachment</wp:post_type>
  <wp:post_password/>
  <wp:is_sticky>0</wp:is_sticky>
</item>
<item>
  <title>legend</title>
  <link>https://wildfirewatcher.wordpress.com/legend/</link>
  <pubDate>Thu, 23 Sep 2021 04:05:42 +0000</pubDate>
  <dc:creator>serranojennifer</dc:creator>
  <guid isPermaLink="false">http://wildfirewatcher.files.wordpress.com/2021/09/legend.jpg</guid>
  <description/>
  <content:encoded><![CDATA[]]></content:encoded>
  <excerpt:encoded><![CDATA[]]></excerpt:encoded>
  <wp:post_id>77</wp:post_id>
  <wp:post_date>2021-09-22 21:05:42</wp:post_date>
  <wp:post_date_gmt>2021-09-23 04:05:42</wp:post_date_gmt>
  <wp:post_modified>2021-09-22 21:05:42</wp:post_modified>
  <wp:post_modified_gmt>2021-09-23 04:05:42</wp:post_modified_gmt>
  <wp:comment_status>open</wp:comment_status>
  <wp:ping_status>closed</wp:ping_status>
  <wp:post_name>legend</wp:post_name>
  <wp:status>inherit</wp:status>
  <wp:post_parent>0</wp:post_parent>
  <wp:menu_order>0</wp:menu_order>
  <wp:post_type>attachment</wp:post_type>
  <wp:post_password/>
  <wp:is_sticky>0</wp:is_sticky>
</item>
<item>
  <title>image</title>
  <link>https://wildfirewatcher.wordpress.com/image/</link>
  <pubDate>Thu, 23 Sep 2021 16:28:32 +0000</pubDate>
  <dc:creator>rayanhyder321</dc:creator>
  <guid isPermaLink="false">http://wildfirewatcher.files.wordpress.com/2021/09/image.png</guid>
  <description/>
  <content:encoded><![CDATA[]]></content:encoded>
  <excerpt:encoded><![CDATA[]]></excerpt:encoded>
  <wp:post_id>84</wp:post_id>
  <wp:post_date>2021-09-23 09:28:32</wp:post_date>
  <wp:post_date_gmt>2021-09-23 16:28:32</wp:post_date_gmt>
  <wp:post_modified>2021-09-23 09:28:32</wp:post_modified>
  <wp:post_modified_gmt>2021-09-23 16:28:32</wp:post_modified_gmt>
  <wp:comment_status>open</wp:comment_status>
  <wp:ping_status>closed</wp:ping_status>
  <wp:post_name>image</wp:post_name>
  <wp:status>inherit</wp:status>
  <wp:post_parent>0</wp:post_parent>
  <wp:menu_order>0</wp:menu_order>
  <wp:post_type>attachment</wp:post_type>
  <wp:post_password/>
  <wp:is_sticky>0</wp:is_sticky>
</item>
<item>
  <title>image-1</title>
  <link>https://wildfirewatcher.wordpress.com/image-1/</link>
  <pubDate>Thu, 23 Sep 2021 16:28:32 +0000</pubDate>
  <dc:creator>rayanhyder321</dc:creator>
  <guid isPermaLink="false">http://wildfirewatcher.files.wordpress.com/2021/09/image-1.png</guid>
  <description/>
  <content:encoded><![CDATA[]]></content:encoded>
  <excerpt:encoded><![CDATA[]]></excerpt:encoded>
  <wp:post_id>85</wp:post_id>
  <wp:post_date>2021-09-23 09:28:32</wp:post_date>
  <wp:post_date_gmt>2021-09-23 16:28:32</wp:post_date_gmt>
  <wp:post_modified>2021-09-23 09:28:32</wp:post_modified>
  <wp:post_modified_gmt>2021-09-23 16:28:32</wp:post_modified_gmt>
  <wp:comment_status>open</wp:comment_status>
  <wp:ping_status>closed</wp:ping_status>
  <wp:post_name>image-1</wp:post_name>
  <wp:status>inherit</wp:status>
  <wp:post_parent>0</wp:post_parent>
  <wp:menu_order>0</wp:menu_order>
  <wp:post_type>attachment</wp:post_type>
  <wp:post_password/>
  <wp:is_sticky>0</wp:is_sticky>
</item>
<item>
  <title>image-2</title>
  <link>https://wildfirewatcher.wordpress.com/image-2/</link>
  <pubDate>Thu, 23 Sep 2021 16:28:33 +0000</pubDate>
  <dc:creator>rayanhyder321</dc:creator>
  <guid isPermaLink="false">http://wildfirewatcher.files.wordpress.com/2021/09/image-2.png</guid>
  <description/>
  <content:encoded><![CDATA[]]></content:encoded>
  <excerpt:encoded><![CDATA[]]></excerpt:encoded>
  <wp:post_id>86</wp:post_id>
  <wp:post_date>2021-09-23 09:28:33</wp:post_date>
  <wp:post_date_gmt>2021-09-23 16:28:33</wp:post_date_gmt>
  <wp:post_modified>2021-09-23 09:28:33</wp:post_modified>
  <wp:post_modified_gmt>2021-09-23 16:28:33</wp:post_modified_gmt>
  <wp:comment_status>open</wp:comment_status>
  <wp:ping_status>closed</wp:ping_status>
  <wp:post_name>image-2</wp:post_name>
  <wp:status>inherit</wp:status>
  <wp:post_parent>0</wp:post_parent>
  <wp:menu_order>0</wp:menu_order>
  <wp:post_type>attachment</wp:post_type>
  <wp:post_password/>
  <wp:is_sticky>0</wp:is_sticky>
</item>
<item>
  <title>image-3</title>
  <link>https://wildfirewatcher.wordpress.com/image-3/</link>
  <pubDate>Thu, 23 Sep 2021 16:28:36 +0000</pubDate>
  <dc:creator>rayanhyder321</dc:creator>
  <guid isPermaLink="false">http://wildfirewatcher.files.wordpress.com/2021/09/image-3.png</guid>
  <description/>
  <content:encoded><![CDATA[]]></content:encoded>
  <excerpt:encoded><![CDATA[]]></excerpt:encoded>
  <wp:post_id>87</wp:post_id>
  <wp:post_date>2021-09-23 09:28:36</wp:post_date>
  <wp:post_date_gmt>2021-09-23 16:28:36</wp:post_date_gmt>
  <wp:post_modified>2021-09-23 09:28:36</wp:post_modified>
  <wp:post_modified_gmt>2021-09-23 16:28:36</wp:post_modified_gmt>
  <wp:comment_status>open</wp:comment_status>
  <wp:ping_status>closed</wp:ping_status>
  <wp:post_name>image-3</wp:post_name>
  <wp:status>inherit</wp:status>
  <wp:post_parent>0</wp:post_parent>
  <wp:menu_order>0</wp:menu_order>
  <wp:post_type>attachment</wp:post_type>
  <wp:post_password/>
  <wp:is_sticky>0</wp:is_sticky>
</item>
<item>
  <title>image-4</title>
  <link>https://wildfirewatcher.wordpress.com/image-4/</link>
  <pubDate>Thu, 23 Sep 2021 16:30:43 +0000</pubDate>
  <dc:creator>rayanhyder321</dc:creator>
  <guid isPermaLink="false">http://wildfirewatcher.files.wordpress.com/2021/09/image-4.png</guid>
  <description/>
  <content:encoded><![CDATA[]]></content:encoded>
  <excerpt:encoded><![CDATA[]]></excerpt:encoded>
  <wp:post_id>88</wp:post_id>
  <wp:post_date>2021-09-23 09:30:43</wp:post_date>
  <wp:post_date_gmt>2021-09-23 16:30:43</wp:post_date_gmt>
  <wp:post_modified>2021-09-23 09:30:43</wp:post_modified>
  <wp:post_modified_gmt>2021-09-23 16:30:43</wp:post_modified_gmt>
  <wp:comment_status>open</wp:comment_status>
  <wp:ping_status>closed</wp:ping_status>
  <wp:post_name>image-4</wp:post_name>
  <wp:status>inherit</wp:status>
  <wp:post_parent>0</wp:post_parent>
  <wp:menu_order>0</wp:menu_order>
  <wp:post_type>attachment</wp:post_type>
  <wp:post_password/>
  <wp:is_sticky>0</wp:is_sticky>
</item>
<item>
  <title>image-4-1</title>
  <link>https://wildfirewatcher.wordpress.com/image-4-1/</link>
  <pubDate>Thu, 23 Sep 2021 16:30:43 +0000</pubDate>
  <dc:creator>rayanhyder321</dc:creator>
  <guid isPermaLink="false">http://wildfirewatcher.files.wordpress.com/2021/09/image-4-1.png</guid>
  <description/>
  <content:encoded><![CDATA[]]></content:encoded>
  <excerpt:encoded><![CDATA[]]></excerpt:encoded>
  <wp:post_id>89</wp:post_id>
  <wp:post_date>2021-09-23 09:30:43</wp:post_date>
  <wp:post_date_gmt>2021-09-23 16:30:43</wp:post_date_gmt>
  <wp:post_modified>2021-09-23 09:30:43</wp:post_modified>
  <wp:post_modified_gmt>2021-09-23 16:30:43</wp:post_modified_gmt>
  <wp:comment_status>open</wp:comment_status>
  <wp:ping_status>closed</wp:ping_status>
  <wp:post_name>image-4-1</wp:post_name>
  <wp:status>inherit</wp:status>
  <wp:post_parent>0</wp:post_parent>
  <wp:menu_order>0</wp:menu_order>
  <wp:post_type>attachment</wp:post_type>
  <wp:post_password/>
  <wp:is_sticky>0</wp:is_sticky>
</item>
<item>
  <title>image-5</title>
  <link>https://wildfirewatcher.wordpress.com/image-5/</link>
  <pubDate>Thu, 23 Sep 2021 16:30:45 +0000</pubDate>
  <dc:creator>rayanhyder321</dc:creator>
  <guid isPermaLink="false">http://wildfirewatcher.files.wordpress.com/2021/09/image-5.png</guid>
  <description/>
  <content:encoded><![CDATA[]]></content:encoded>
  <excerpt:encoded><![CDATA[]]></excerpt:encoded>
  <wp:post_id>90</wp:post_id>
  <wp:post_date>2021-09-23 09:30:45</wp:post_date>
  <wp:post_date_gmt>2021-09-23 16:30:45</wp:post_date_gmt>
  <wp:post_modified>2021-09-23 09:30:45</wp:post_modified>
  <wp:post_modified_gmt>2021-09-23 16:30:45</wp:post_modified_gmt>
  <wp:comment_status>open</wp:comment_status>
  <wp:ping_status>closed</wp:ping_status>
  <wp:post_name>image-5</wp:post_name>
  <wp:status>inherit</wp:status>
  <wp:post_parent>0</wp:post_parent>
  <wp:menu_order>0</wp:menu_order>
  <wp:post_type>attachment</wp:post_type>
  <wp:post_password/>
  <wp:is_sticky>0</wp:is_sticky>
</item>
<item>
  <title>screenshot-2021-09-23-142334</title>
  <link>https://wildfirewatcher.wordpress.com/screenshot-2021-09-23-142334/</link>
  <pubDate>Thu, 23 Sep 2021 21:24:59 +0000</pubDate>
  <dc:creator>serranojennifer</dc:creator>
  <guid isPermaLink="false">http://wildfirewatcher.files.wordpress.com/2021/09/screenshot-2021-09-23-142334.png</guid>
  <description/>
  <content:encoded><![CDATA[]]></content:encoded>
  <excerpt:encoded><![CDATA[]]></excerpt:encoded>
  <wp:post_id>105</wp:post_id>
  <wp:post_date>2021-09-23 14:24:59</wp:post_date>
  <wp:post_date_gmt>2021-09-23 21:24:59</wp:post_date_gmt>
  <wp:post_modified>2021-09-23 14:24:59</wp:post_modified>
  <wp:post_modified_gmt>2021-09-23 21:24:59</wp:post_modified_gmt>
  <wp:comment_status>open</wp:comment_status>
  <wp:ping_status>closed</wp:ping_status>
  <wp:post_name>screenshot-2021-09-23-142334</wp:post_name>
  <wp:status>inherit</wp:status>
  <wp:post_parent>0</wp:post_parent>
  <wp:menu_order>0</wp:menu_order>
  <wp:post_type>attachment</wp:post_type>
  <wp:post_password/>
  <wp:is_sticky>0</wp:is_sticky>
</item>
<item>
  <title>screenshot-2021-09-23-145844</title>
  <link>https://wildfirewatcher.wordpress.com/screenshot-2021-09-23-145844/</link>
  <pubDate>Thu, 23 Sep 2021 22:00:16 +0000</pubDate>
  <dc:creator>serranojennifer</dc:creator>
  <guid isPermaLink="false">http://wildfirewatcher.files.wordpress.com/2021/09/screenshot-2021-09-23-145844.png</guid>
  <description/>
  <content:encoded><![CDATA[]]></content:encoded>
  <excerpt:encoded><![CDATA[]]></excerpt:encoded>
  <wp:post_id>118</wp:post_id>
  <wp:post_date>2021-09-23 15:00:16</wp:post_date>
  <wp:post_date_gmt>2021-09-23 22:00:16</wp:post_date_gmt>
  <wp:post_modified>2021-09-23 15:00:16</wp:post_modified>
  <wp:post_modified_gmt>2021-09-23 22:00:16</wp:post_modified_gmt>
  <wp:comment_status>open</wp:comment_status>
  <wp:ping_status>closed</wp:ping_status>
  <wp:post_name>screenshot-2021-09-23-145844</wp:post_name>
  <wp:status>inherit</wp:status>
  <wp:post_parent>0</wp:post_parent>
  <wp:menu_order>0</wp:menu_order>
  <wp:post_type>attachment</wp:post_type>
  <wp:post_password/>
  <wp:is_sticky>0</wp:is_sticky>
</item>
<item>
  <title>Information</title>
  <link>https://wildfirewatcher.wordpress.com/information/</link>
  <pubDate>Fri, 24 Sep 2021 01:55:44 +0000</pubDate>
  <dc:creator>vicsrajj</dc:creator>
  <guid isPermaLink="false">https://wildfirewatcher.wordpress.com/?page_id=130</guid>
  <description/>
  <content:encoded><![CDATA[<!-- wp:cover {"url":"https://iamtakashinuxtest20200131105336.files.wordpress.com/2020/01/qi-bin-w4hbafegiac-unsplash.jpg","id":26,"dimRatio":10,"overlayColor":"secondary","focalPoint":{"x":"0.51","y":"0.58"},"align":"full","className":"is-style-top-wave"} -->
<div class="wp-block-cover alignfull has-background-dim-10 has-secondary-background-color has-background-dim is-style-top-wave"><img class="wp-block-cover__image-background wp-image-26" alt="" src="https://iamtakashinuxtest20200131105336.files.wordpress.com/2020/01/qi-bin-w4hbafegiac-unsplash.jpg" style="object-position:51% 58%;" data-object-fit="cover" data-object-position="51% 58%" /><div class="wp-block-cover__inner-container"><!-- wp:paragraph {"align":"center","placeholder":"Write title…","fontSize":"large"} -->
<p class="has-text-align-center has-large-font-size">Wildfire Facts, Graphs, and Info</p>
<!-- /wp:paragraph --></div></div>
<!-- /wp:cover -->

<!-- wp:paragraph {"align":"right"} -->
<p class="has-text-align-right">             </p>
<!-- /wp:paragraph -->

<figure class="wp-block-image size-large"><img class="wp-image-131" src="https://wildfirewatcher.files.wordpress.com/2021/09/screenshot_1.png?w=729" alt="" width="878" height="796" /></figure>

<!-- wp:separator {"className":"is-style-wide"} -->
<hr class="wp-block-separator is-style-wide" />
<!-- /wp:separator -->

<!-- wp:image {"id":132,"width":781,"height":651,"sizeSlug":"large","linkDestination":"none"} -->
<figure class="wp-block-image size-large is-resized"><img src="https://wildfirewatcher.files.wordpress.com/2021/09/acres-burned-decade-1024x854-1.png?w=1024" alt="" class="wp-image-132" width="781" height="651" /></figure>
<!-- /wp:image -->

<!-- wp:separator {"className":"is-style-wide"} -->
<hr class="wp-block-separator is-style-wide" />
<!-- /wp:separator -->

<!-- wp:image {"id":136,"sizeSlug":"large","linkDestination":"none"} -->
<figure class="wp-block-image size-large"><img src="https://wildfirewatcher.files.wordpress.com/2021/09/wildfire4.jpeg?w=1024" alt="" class="wp-image-136" /></figure>
<!-- /wp:image -->

<!-- wp:separator {"className":"is-style-wide"} -->
<hr class="wp-block-separator is-style-wide" />
<!-- /wp:separator -->

<!-- wp:buttons -->
<div class="wp-block-buttons"></div>
<!-- /wp:buttons -->

<!-- wp:buttons -->
<div class="wp-block-buttons"></div>
<!-- /wp:buttons -->]]></content:encoded>
  <excerpt:encoded><![CDATA[]]></excerpt:encoded>
  <wp:post_id>130</wp:post_id>
  <wp:post_date>2021-09-23 18:55:44</wp:post_date>
  <wp:post_date_gmt>2021-09-24 01:55:44</wp:post_date_gmt>
  <wp:post_modified>2021-09-23 18:55:44</wp:post_modified>
  <wp:post_modified_gmt>2021-09-24 01:55:44</wp:post_modified_gmt>
  <wp:comment_status>closed</wp:comment_status>
  <wp:ping_status>closed</wp:ping_status>
  <wp:post_name>information</wp:post_name>
  <wp:status>publish</wp:status>
  <wp:post_parent>0</wp:post_parent>
  <wp:menu_order>0</wp:menu_order>
  <wp:post_type>page</wp:post_type>
  <wp:post_password/>
  <wp:is_sticky>0</wp:is_sticky>
  <wp:postmeta>
    <wp:meta_key>_thumbnail_id</wp:meta_key>
    <wp:meta_value><![CDATA[0]]></wp:meta_value>
  </wp:postmeta>
  <wp:postmeta>
    <wp:meta_key>switch_like_status</wp:meta_key>
    <wp:meta_value><![CDATA[a:1:{i:0;N;}]]></wp:meta_value>
  </wp:postmeta>
  <wp:postmeta>
    <wp:meta_key>sharing_disabled</wp:meta_key>
    <wp:meta_value><![CDATA[a:1:{i:0;N;}]]></wp:meta_value>
  </wp:postmeta>
  <wp:postmeta>
    <wp:meta_key>_last_editor_used_jetpack</wp:meta_key>
    <wp:meta_value><![CDATA[block-editor]]></wp:meta_value>
  </wp:postmeta>
  <wp:postmeta>
    <wp:meta_key>_publicize_pending</wp:meta_key>
    <wp:meta_value><![CDATA[1]]></wp:meta_value>
  </wp:postmeta>
</item>
<item>
  <title>screenshot_1</title>
  <link>https://wildfirewatcher.wordpress.com/screenshot_1/</link>
  <pubDate>Fri, 24 Sep 2021 01:01:17 +0000</pubDate>
  <dc:creator>vicsrajj</dc:creator>
  <guid isPermaLink="false">http://wildfirewatcher.files.wordpress.com/2021/09/screenshot_1.png</guid>
  <description/>
  <content:encoded><![CDATA[]]></content:encoded>
  <excerpt:encoded><![CDATA[]]></excerpt:encoded>
  <wp:post_id>131</wp:post_id>
  <wp:post_date>2021-09-23 18:01:17</wp:post_date>
  <wp:post_date_gmt>2021-09-24 01:01:17</wp:post_date_gmt>
  <wp:post_modified>2021-09-23 18:01:17</wp:post_modified>
  <wp:post_modified_gmt>2021-09-24 01:01:17</wp:post_modified_gmt>
  <wp:comment_status>open</wp:comment_status>
  <wp:ping_status>closed</wp:ping_status>
  <wp:post_name>screenshot_1</wp:post_name>
  <wp:status>inherit</wp:status>
  <wp:post_parent>0</wp:post_parent>
  <wp:menu_order>0</wp:menu_order>
  <wp:post_type>attachment</wp:post_type>
  <wp:post_password/>
  <wp:is_sticky>0</wp:is_sticky>
</item>
<item>
  <title>acres-burned-decade-1024x854-1</title>
  <link>https://wildfirewatcher.wordpress.com/acres-burned-decade-1024x854-1/</link>
  <pubDate>Fri, 24 Sep 2021 01:11:31 +0000</pubDate>
  <dc:creator>vicsrajj</dc:creator>
  <guid isPermaLink="false">http://wildfirewatcher.files.wordpress.com/2021/09/acres-burned-decade-1024x854-1.png</guid>
  <description/>
  <content:encoded><![CDATA[]]></content:encoded>
  <excerpt:encoded><![CDATA[]]></excerpt:encoded>
  <wp:post_id>132</wp:post_id>
  <wp:post_date>2021-09-23 18:11:31</wp:post_date>
  <wp:post_date_gmt>2021-09-24 01:11:31</wp:post_date_gmt>
  <wp:post_modified>2021-09-23 18:11:31</wp:post_modified>
  <wp:post_modified_gmt>2021-09-24 01:11:31</wp:post_modified_gmt>
  <wp:comment_status>open</wp:comment_status>
  <wp:ping_status>closed</wp:ping_status>
  <wp:post_name>acres-burned-decade-1024x854-1</wp:post_name>
  <wp:status>inherit</wp:status>
  <wp:post_parent>0</wp:post_parent>
  <wp:menu_order>0</wp:menu_order>
  <wp:post_type>attachment</wp:post_type>
  <wp:post_password/>
  <wp:is_sticky>0</wp:is_sticky>
</item>
<item>
  <title>wildfire3</title>
  <link>https://wildfirewatcher.wordpress.com/wildfire3/</link>
  <pubDate>Fri, 24 Sep 2021 01:15:57 +0000</pubDate>
  <dc:creator>vicsrajj</dc:creator>
  <guid isPermaLink="false">http://wildfirewatcher.files.wordpress.com/2021/09/wildfire3.jpg</guid>
  <description/>
  <content:encoded><![CDATA[]]></content:encoded>
  <excerpt:encoded><![CDATA[]]></excerpt:encoded>
  <wp:post_id>134</wp:post_id>
  <wp:post_date>2021-09-23 18:15:57</wp:post_date>
  <wp:post_date_gmt>2021-09-24 01:15:57</wp:post_date_gmt>
  <wp:post_modified>2021-09-23 18:15:57</wp:post_modified>
  <wp:post_modified_gmt>2021-09-24 01:15:57</wp:post_modified_gmt>
  <wp:comment_status>open</wp:comment_status>
  <wp:ping_status>closed</wp:ping_status>
  <wp:post_name>wildfire3</wp:post_name>
  <wp:status>inherit</wp:status>
  <wp:post_parent>0</wp:post_parent>
  <wp:menu_order>0</wp:menu_order>
  <wp:post_type>attachment</wp:post_type>
  <wp:post_password/>
  <wp:is_sticky>0</wp:is_sticky>
</item>
<item>
  <title>wildfire3-1</title>
  <link>https://wildfirewatcher.wordpress.com/wildfire3-1/</link>
  <pubDate>Fri, 24 Sep 2021 01:16:32 +0000</pubDate>
  <dc:creator>vicsrajj</dc:creator>
  <guid isPermaLink="false">http://wildfirewatcher.files.wordpress.com/2021/09/wildfire3-1.jpg</guid>
  <description/>
  <content:encoded><![CDATA[]]></content:encoded>
  <excerpt:encoded><![CDATA[]]></excerpt:encoded>
  <wp:post_id>135</wp:post_id>
  <wp:post_date>2021-09-23 18:16:32</wp:post_date>
  <wp:post_date_gmt>2021-09-24 01:16:32</wp:post_date_gmt>
  <wp:post_modified>2021-09-23 18:16:32</wp:post_modified>
  <wp:post_modified_gmt>2021-09-24 01:16:32</wp:post_modified_gmt>
  <wp:comment_status>open</wp:comment_status>
  <wp:ping_status>closed</wp:ping_status>
  <wp:post_name>wildfire3-1</wp:post_name>
  <wp:status>inherit</wp:status>
  <wp:post_parent>0</wp:post_parent>
  <wp:menu_order>0</wp:menu_order>
  <wp:post_type>attachment</wp:post_type>
  <wp:post_password/>
  <wp:is_sticky>0</wp:is_sticky>
</item>
<item>
  <title>wildfire4</title>
  <link>https://wildfirewatcher.wordpress.com/wildfire4/</link>
  <pubDate>Fri, 24 Sep 2021 01:16:37 +0000</pubDate>
  <dc:creator>vicsrajj</dc:creator>
  <guid isPermaLink="false">http://wildfirewatcher.files.wordpress.com/2021/09/wildfire4.jpeg</guid>
  <description/>
  <content:encoded><![CDATA[]]></content:encoded>
  <excerpt:encoded><![CDATA[]]></excerpt:encoded>
  <wp:post_id>136</wp:post_id>
  <wp:post_date>2021-09-23 18:16:37</wp:post_date>
  <wp:post_date_gmt>2021-09-24 01:16:37</wp:post_date_gmt>
  <wp:post_modified>2021-09-23 18:16:37</wp:post_modified>
  <wp:post_modified_gmt>2021-09-24 01:16:37</wp:post_modified_gmt>
  <wp:comment_status>open</wp:comment_status>
  <wp:ping_status>closed</wp:ping_status>
  <wp:post_name>wildfire4</wp:post_name>
  <wp:status>inherit</wp:status>
  <wp:post_parent>0</wp:post_parent>
  <wp:menu_order>0</wp:menu_order>
  <wp:post_type>attachment</wp:post_type>
  <wp:post_password/>
  <wp:is_sticky>0</wp:is_sticky>
</item>
<item>
  <title/>
  <link>https://wildfirewatcher.wordpress.com/2021/09/23/145/</link>
  <pubDate>Fri, 24 Sep 2021 01:56:20 +0000</pubDate>
  <dc:creator>vicsrajj</dc:creator>
  <guid isPermaLink="false">https://wildfirewatcher.wordpress.com/2021/09/23/145/</guid>
  <description/>
  <content:encoded><![CDATA[ ]]></content:encoded>
  <excerpt:encoded><![CDATA[]]></excerpt:encoded>
  <wp:post_id>145</wp:post_id>
  <wp:post_date>2021-09-23 18:57:15</wp:post_date>
  <wp:post_date_gmt>2021-09-24 01:56:20</wp:post_date_gmt>
  <wp:post_modified>2021-09-23 18:57:15</wp:post_modified>
  <wp:post_modified_gmt>2021-09-24 01:57:15</wp:post_modified_gmt>
  <wp:comment_status>closed</wp:comment_status>
  <wp:ping_status>closed</wp:ping_status>
  <wp:post_name>145</wp:post_name>
  <wp:status>publish</wp:status>
  <wp:post_parent>0</wp:post_parent>
  <wp:menu_order>5</wp:menu_order>
  <wp:post_type>nav_menu_item</wp:post_type>
  <wp:post_password/>
  <wp:is_sticky>0</wp:is_sticky>
  <category domain="nav_menu" nicename="primary"><![CDATA[Primary]]></category>
  <wp:postmeta>
    <wp:meta_key>_publicize_pending</wp:meta_key>
    <wp:meta_value><![CDATA[1]]></wp:meta_value>
  </wp:postmeta>
  <wp:postmeta>
    <wp:meta_key>_menu_item_type</wp:meta_key>
    <wp:meta_value><![CDATA[post_type]]></wp:meta_value>
  </wp:postmeta>
  <wp:postmeta>
    <wp:meta_key>_menu_item_menu_item_parent</wp:meta_key>
    <wp:meta_value><![CDATA[0]]></wp:meta_value>
  </wp:postmeta>
  <wp:postmeta>
    <wp:meta_key>_menu_item_object_id</wp:meta_key>
    <wp:meta_value><![CDATA[130]]></wp:meta_value>
  </wp:postmeta>
  <wp:postmeta>
    <wp:meta_key>_menu_item_object</wp:meta_key>
    <wp:meta_value><![CDATA[page]]></wp:meta_value>
  </wp:postmeta>
  <wp:postmeta>
    <wp:meta_key>_menu_item_target</wp:meta_key>
    <wp:meta_value><![CDATA[]]></wp:meta_value>
  </wp:postmeta>
  <wp:postmeta>
    <wp:meta_key>_menu_item_classes</wp:meta_key>
    <wp:meta_value><![CDATA[a:1:{i:0;s:0:"";}]]></wp:meta_value>
  </wp:postmeta>
  <wp:postmeta>
    <wp:meta_key>_menu_item_xfn</wp:meta_key>
    <wp:meta_value><![CDATA[]]></wp:meta_value>
  </wp:postmeta>
  <wp:postmeta>
    <wp:meta_key>_menu_item_url</wp:meta_key>
    <wp:meta_value><![CDATA[]]></wp:meta_value>
  </wp:postmeta>
  <wp:postmeta>
    <wp:meta_key>_menu_item_content</wp:meta_key>
    <wp:meta_value><![CDATA[]]></wp:meta_value>
  </wp:postmeta>
</item>
  </channel>
</rss>
